,collectionId,collectionName,totalNFTs
0,2331,Utopia Avatars,6628
6628,2300,Spooky Boys Country Club,13000
19628,2319,Meka Drivers,8888
28516,2321,HMN5,6936
35452,2320,Diesel x Hape: Antidote to the Status Quo,1024
36476,2318,AIKO BEANZ,10000
46476,2317,Rug Radio Faces of Web3 by Cory Van Lew,20000
66476,2315,Geishas & Gardens,4444
70920,2314,JACKED DEGENERATES,3768
74688,2311,Knights Who Say Nah - Warriors,720
75408,2306,The Bobo Council,2222
77630,2305,Always Tired,7777
85407,2257,HANGRY BARBOONS,4444
89851,2301,Ceci n'est pas un Botto,1112
90963,2290,Hasbulla,10000
100963,2281,Angry Apes Society,9999
110962,2275,DegenSkellies,5000
115962,2274,BitGoatz,9998
125960,2240,Mighty Hercules,400
126360,2264,NutsDAO Poker Players,10000
136360,2271,kozmonautslta,5555
141915,2253,Wilder Beasts: Wape,3000
144915,2263,Vandals Union,1509
146424,2256,DR/VRS,2888
149312,2255,Exceed Rookie Class,3333
152645,2252,Crypto Dog Society,7778
160423,2254,Bugatti Group Phygital Genesis,1940
162363,2251,Kitaro World Scenes,7888
170251,2250,Gemesis by Johnathan Schultz,2499
172750,2248,BETTER BUDDIES,2050
174800,2246,RFOX VALT OG CitiXens,1150
175950,2220,Like a Brush by Julien Durix,293
176243,2247,Ecotars 3D,1654
177897,2245,Martian Town,1121
179018,2244, Fable Dragons by Tyrant,750
179768,2243,The Greedy Machines vol. 2,2214
181982,2242,The Greedy Machines,1000
182982,2241,CW Females,6545
189527,2238,Revellers,2000
191527,2237,Digi Miners,7776
199303,2236,RedefinedBulls,1505
200808,2235,Supercute World,5555
206363,2234,CroSwap Quartermasters,4235
210598,2233,PlaxyParty,1000
211598,2225,YUME By Daniel Mazzone Collection,110
211708,2227,Metaplaces Offices,400
212108,2226,rugbugs.lol,564
212672,2207,Zombunnies,1220
213892,2219,Gakko Labs,5543
219435,2218,Polygon's Flaming Phenix Club,5620
225055,2217,Metaplaces Small Offices,4000
229055,2216,Turusu Forest,9989
239044,2214,Cangster,10000
249044,2210,Model Eros Village - Hime,3888
252932,2215,Mission NFT Series,7000
259932,2212,Angry Apes Country Club,4999
264931,2213,Turtle Island,8087
273018,2211,77-Bit,7776
280794,2205,Agents of ZAF,993
281787,2204,Sentinel Squadron,5000
286787,1722,Legends of Atlantis,2833
289620,2183,Legendary Safuu Club,2012
291632,2202,Gray Boys Mutants,1696
293328,2203,Lacoste UNDW3: The Emerge,11212
304540,2209,Dissected Frens,8037
312577,2208,Maestro - Genesis,1555
314132,2206,Cronos Mutant Apes,798
314930,2224,The Potatoz,9999
324929,2223,Castaways The Islands,500
325429,2222,DigiDaigaku Genesis,2022
327451,2221,Anthony Hopkins - The Eternal,1000
328451,2187,WhIsBe Vandalz,4120
332571,2201,Sewage Fruitz,2400
334971,2185,Ibutsu,3332
338303,2198,R Planet - Genesis,8889
347192,2199,Mithical PFP,555
347747,2193,ETERNALS XYZ,6665
354412,2194,Rotten Eggs,4000
358412,2192,Bored Candy,10000
368412,2191,Spooky SZN ,6666
375078,2165,Babykrakens,1111
376189,2190,Ghost Ape Yacht Club OG,1057
377246,2189,Lost Bear by FLUFF,3500
380746,2188,Meta Bounty Huntress,8888
389634,2182,Baby Gators,1999
391633,2175,Okay Humans,3333
394966,2181,Puff Genesis,2499
397465,2179,Neko Nation,3861
401326,2180,Kanpai Pandas Infinity,246
401572,2178,Banana Task Force Ape Genesis,4223
405795,2177,TAT-TWELVE ANONYMOUS TOURNAMENTS,5505
411300,1867,Elemento Dragons,1524
412824,2176,Bevvies,3145
415969,2174,Spirit Gates,3622
419591,2173,Kabana Club,2981
422572,2168,MadHeroes,200
422772,2169,Lucid,5555
428327,2166,Kitaro World,7777
433441,2166,KitaroWorld,7777
436104,2162,Legendary Dancing Seahorse,384
436488,2161,The Lockeys,3500
439988,2164,Tutti Frutiz,111
440099,2163,TURTLE UNITED GENESIS,500
440599,2144,CronosCruiser,8000
448599,2145,Kart Racing League Racers,2892
451491,2139,Mad Meerkat Burrow Poly,10301
461792,2135,Rare Rats,360
462152,2138,Anomura,1769
463921,2140,KUMALEON,1717
465638,2137,DottedBuddieswrld,5432
471070,2136,Sneakerbox,659
471729,2100,Shellz Orb,9000
480729,2129,Astrobot Society,4201
484930,2134,Akyllers,4444
489374,2131,ChronoCatzCC,3596
492970,2132,MetaShooter ,2651
495621,2133,Doge Skulls,4432
500053,2130,Awesome Possums,10000
510053,2128,Darbotz (DW3),600
510653,2105,LO: Legendary Owls,2000
512653,2125,Private Jet Pyjama Party Baby Owls,3726
516379,2126,456 Collectors Club,4560
520939,2127,Shibnobi,6000
526939,2124,My Lil Gnomie,5555
532494,2111,DegoVerse World Cup 2022,10000
542494,2123,Lil Mutant Ape Club,5428
547922,2120,Cosa Monstra Genesis,1322
549244,2119,grumpls,3828
553072,2118,Dollar Store Kids,3238
556310,2116,Kawakami,1114
557424,2104,BoredHuman NFT,1000
558424,2102,Rarity League - Bengals,561
558985,2114,Master Cats,9000
567985,2103,Rarity League - Rams,914
568899,2101,Minters World,2911
571810,2113,Todd James Art Party,1533
573343,2112,DeGods,10000
583343,2110,TheKodaz,3000
586343,2108,The Aristocrats Society,250
586593,2109,Tykes,4334
590927,2106,Pixxtasy,48
590975,2107,Isekai Meta,7777
598752,2096,Satoshiverse - The Apemo Army,3333
602085,2099,Kryptoria - Alpha Citizens,10000
612085,2098,Commoners by Commonopoly,6969
619054,2097,SteezyApeGang,4444
623498,2093,OnChain Buccaneers,888
624386,2095,MIRA Society,4000
628386,2094,Sabertoothed Tigers Club,1800
630186,2092,Dour Fits,10000
640186,2086,The Seekers,47895
688081,2091,Volted Dragons Sailors Club,9821
697902,2088,Command Z,1716
698691,2088,CommandZ,1716
699618,2035,Waterbomb League,3125
702743,2085,The Warriors of Ankh,1800
704543,2080,AlienAnimatedPunkz,2204
706747,2082,Deltanauts Alpha Gold,1000
707747,2083,Deltanauts Alpha Silver,56
707803,2084,Deltanauts Alpha Bronze,612
708415,2079,Legacy Shinsei,3000
711415,2078,Miner Moles,10000
721415,2033,Wilder Moto Genesis,6396
727811,2077,Tribe Odyssey,9404
737215,2076,wgmis,8888
746103,2040,Balloon Town,1097
747200,2043,MOON LIZZYS,9999
757199,2042,Rare Apepe YC,10000
767199,2041,SURFN Learn to Earn,2282
769481,2037,Gotcha Gatcha,998
770479,2039,Genuine Undead,9999
780478,2038,8liens,10001
790479,2032,Groovy Doodles,3616
794095,2036,BOSOTOKYO,3371
797466,2025,Argonauts,8888
806354,2034,Moodies by Hanuka,7401
813755,2031,Fever Dream Friends,1111
814866,2026,Nickelodeon: Rugrats & Hey Arnold!,14394
829260,2030,Krapopolis Krap Chickens,3463
832723,2023,PARTICIPANTS,3333
836056,2029,Digital Dogs Breeding Labs,1000
837056,2028,Martians vs Rednecks Weapons,2537
839593,2027,Ugly Duck WTF,9999
849592,1613,Unapologetic Apes,3010
852602,2022,Cosmic Coffee Cups,6500
859102,2024,Women Ape Yacht Club,9845
868947,2013,DubaiPeeps,600
869547,2019,Tomorrow's World,205
869752,2021,Model Eros Village,3887
873639,2015,The Hive Pals,726
874365,2020,Metabay by Metaplaces,216
874581,2012,The Skull Squad,665
875246,2017,Funga & Friends,3333
878579,2008,Si Juki: Lost in Jukiverse,3456
882035,2016,WOLFBOSS,667
882702,2014,TheNovatar,590
883292,2009,The Martians: Metaverse,5000
888292,2011,Stickmen Toys,5000
893292,2006,The Chosen of Civitas,398
893690,2004,DegenBrains,10000
903690,2001,Cardano Island,12999
916689,2002,Children of Ukiyo,9997
926686,2003,3L3PHANTS,7777
934463,1997,Hydro Whales Mining Club,9999
944462,2000,Down Bad Doomers,178
944640,1975,Food Fighters Universe,2260
946900,1996,7LuX,20000
966900,1998,The Orsetto Gang,6144
973044,1999,Farm Horses ZCoreClub,1034
974078,1981,yield bearing smolting,606
974684,1995,Rappears,2200
976884,1994,ANIM.JP,6123
983007,1982,Thumbs Self Loathing Genesis ,1235
984242,1993,Cosmic Marshmallows,5555
989797,1950,FLICKYGANG BY FLICKPLAY,2222
992019,1992,Cosmic Citizens,561
992580,1990,Spirit4,10000
1002580,1989,SolKids,1730
1004310,1919,Feral Fish,2222
1006532,1988,Pawn Bots,7411
1013943,1987,edo2022,2022
1015965,1986,MRI Fight Club,4444
1020409,1985,Moonbirds Oddities,10000
1030409,1984,Mojis Art,6654
1037063,1856,The Paradox Metaverse,6681
1043744,1983,CryptoDickbutts,5200
1048944,1978,Pochi Inu,256
1049200,1980,Cool Gang Tommy,999
1050199,1979,DOPE: Dawn Of the Pixel Empire,10000
1060199,1977,Pupzland,173
1060372,1976,Metaguardians: Sidekicks,4371
1064743,1974,SMATh World - PRD_X,4537
1069280,1973,Nina's Super Cool World,5080
1074360,1971,The Americans,10000
1084360,1970,TubzSocialClub V2,5555
1089915,1968,Groovy Guys,6999
1096914,1969,Sloth Roob,5353
1102267,1966,Hippynoids Project,6060
1108327,1954,Kodachrome V2,1500
1109827,1959,9Tales Phase 1,2345
1112172,1967,Chief Toad,10000
1122172,1963,BEARZ Genesis,549
1122721,1965,Elf World,3333
1126054,1964,RoboCosmic,11111
1137165,1946,wazzzup.wtf,2221
1139386,1962,The Saudis,5555
1144941,1961,DAO House Friends,9942
1154883,1943,Kanpai Pandas,9000
1163883,1957,XOXO By Maya & Yehuda Devir,10000
1173883,1958,Gridcraft Genesis Identities,3900
1177783,1956,downsies,3333
1181116,1955,Tamacorgi,1200
1182316,1953,Metashima - Lightning,4720
1187036,1952,Chubby Anxiety Society,5000
1192036,1951,Los Muertos Diablo,1000
1193036,1945,XBorg,2500
1195536,1949,ThePossessed,9991
1205527,1947,CryptoDudes Brotherhood,2222
1207749,1944,Project Ino,7998
1215747,1941,7sClub,2735
1218482,1928,h8rschix,9455
1227937,1904,Duckling,7777
1235714,1939,The Parrot Boss,500
1236214,1937,MONUmentals,3633
1239847,1940,CryptoQuest,1251
1241098,1936,AlphaDogs,3400
1244498,1935,The Villains,1666
1246164,1932,Chibi Lolita,12222
1258386,1931,BunnyGirls,4049
1262435,1934,AristoDog,3333
1265768,1933,Tasties,5000
1270768,1930,Verb,6500
1277268,1903,cryptokhat,10000
1287268,1927,Dogface Army,778
1288046,1926,Daosaur Genesis,333
1288379,1922,Smulips,5000
1293379,1915,Notorious Kings,3594
1296973,1920,Looney Tunes: What's Up Block?,4491
1301464,1918,Clementine's Nightmare Eclipse,10010
1311474,1917,WZRDS,10000
1321474,1912,City Of Block,5000
1326474,1916,A:\Aiko Virtual,8888
1335362,1914,PokerFish,150
1335512,1913,Singularity 0 Universe HUMAN,3232
1338744,1901,Meta Moose Club,1759
1340503,1895,SQUADTS,1623
1342126,1911,PSYCHROME Rug Runner,75
1342201,2146,the pixels inc,5062
1347263,1905,Swanky Space Squad,333
1347596,1908,Poor Dudes,9996
1357592,1910,Hijabi Queens,2500
1360092,1899,MoneyMonstersClub,1476
1361568,1909,Mutant Wolf Pack,3000
1364568,1907,SHIBA ARMY,5439
1370007,1906,Culture Cubs,3333
1373340,1902,MoonPepes,4200
1377540,1900,Cyber Bandits,5000
1382540,1791,Castle of Blackwater: Genesis,600
1383140,1898,Alpha Gang Generative,3009
1386149,1897,Swampverse: Creatures,1289
1387438,1896,Glitchies,888
1388326,1894,Moonrunners,10000
1398326,1893,Oblivious Ostriches,4892
1403218,1892,MoneyShark,180
1403398,1889,Crypto Bulls,1001
1404399,1891,Lions not Sheep,1776
1406175,1883,Kumite Genesis,9600
1415775,1886,Proud Lions Club,2076
1417851,1888,The Haughty Mummies,4070
1421921,1093,ASM AIFA All-Stars,36497
1453386,1093,ASM AIFAAll-Stars,36497
1458418,1887,Hero Galaxy: Anti-Heroes,3994
1462412,1885,EXO,10090
1472502,1884,LonelyPop,10000
1482502,1835,M3TA MOGULS: Genesis,4444
1486946,1882,STARFIGHTER CLUB,333
1487279,1879,Meta Labs Secret Agents,5088
1492367,1881,Banana Task Force Ape,6839
1494931,1881,BananaTask Force Ape,6839
1499206,1872,Voyagers,1457
1500663,1880,MetaSamurai,3332
1503995,1877,Non Frenly Trolls,10000
1513995,1878,Pillheads,6655
1520650,1876,Little Cats,2998
1523648,1875,MafiaBears,438
1524086,1874,Immortal Cat,1824
1525910,1873,Primates,10000
1535910,1870,h8rs,10069
1545979,1871,T-Poser,11111
1557090,1864,Chroma World Abstractars,9001
1566091,1838,Hangry Hippo,5553
1571644,1869,SneakerHeads,5000
1576644,1868,The High Society,10000
1586644,1866,Welly Friends,4273
1590917,1865,DANKBOTS,6250
1597167,1847,Meta Frog Club,5555
1602722,1863,MEE6 Avatars,4444
1607166,1854,Lazy 8 Yacht Club,2489
1609655,1858,The Little Liars Genesis,555
1610210,1860,WZKD,4321
1614531,1861,HOUSE OFBELIEVERS,1750
1616281,1859,WitLink Land,6211
1622492,1855,Squirrelly Squirrels,1252
1623744,1857,Antvasion,477
1624221,1853,IlluminatiNFT,8128
1632349,1852,Dippies Vans,11500
1643849,1846,Fierce Models,10000
1653849,1851,Moonlanderz,7890
1661739,1850,SNW Cardborg,1318
1663057,1844,Anime Metaverse: Soulmates,5000
1668057,1834,FearCity,3333
1671390,1848,Okami,505
1671895,1843,Goblincatz,9999
1681894,1842,Zombie Banana Bunch,6969
1688863,1841,Breadaverse,6900
1695763,1840,Fat Cats Genesis,5000
1700763,1839,Meta Labs Field Agents,6003
1706766,1837,Stoned Duck Lifestyle Club,4042
1710808,1830,Just Ape.,10000
1720808,1833,Flaming Phenix Club,6666
1727474,1832,Dobies Collection,7486
1734960,1831,Based Ghouls,5772
1740732,1829,GODLY LEGION,7777
1748509,1828,The Emptyheads Society Genesis,555
1749064,925,Prime Ape Planet,7979
1757043,1739,MetaWolves,4115
1761158,1827,ShitBeast,10000
1771158,1826,pablos.lol,10000
1781158,1825,Gnomeville,8887
1790045,1823,TipsyVerse: Genesis Penguins,2345
1792390,1824,Flower Lolita,6666
1799056,1813,Bulls & Apes Project - Genesis,10010
1809066,1822,RektFolios,10000
1819066,1810,The Matrix Avatars,56891
1842516,1810,The MatrixAvatars,56891
1872301,1810,TheMatrix Avatars,56891
1875957,1818,Solana Room,3333
1879290,1821,troll-town.wtf,9999
1889289,1820,BRAQFRNDS,3333
1892622,1819,Lazy Longhorns,566
1893188,1816,Free Hand,2882
1896070,1817,Frenchie Ballers,5546
1901616,1815,Binkies,10000
1911616,1814,C-02,6827
1918443,1812,VividLimited,8888
1927331,1805,Rare Land,10001
1937332,1811,Chipos,6666
1943998,1807,Psychonautz,9999
1953997,1809,MekAI,5000
1958997,1808,We Are All Going to Die,6666
1965663,1806,Cheebs,10000
1975663,1804,The Neko NFT,318
1975981,1803,Slyly Foxes,10000
1985981,1802,Akumu Dragonz,10000
1995981,1784,Neopets Metaverse,4225
2000206,1792,TABOOPUNKS,2399
2002605,1800,Dorks,8888
2011493,1783,Tigerbob Genesis,1000
2012493,1798,YAMATO,10000
2022493,1799,400DRUMS,142
2022635,1797,Bali Beach Boyz,5555
2028190,1795,CryptoHippos,10000
2038190,2195,"Damien Hirst, The Currency",1852
2040042,2155,Wavelength by Kaleb Johnston,1111
2041153,2154,Nuclear Nerds of the Accidental Apocalypse,8999
2050152,2152,Creeps Genesis,11111
2061263,2151,Cool Pets NFT,19292
2080555,2150,Wassies by Wassies,12345
2081268,2150,Wassies byWassies,12345
2092900,2149,Letters by Vinnie Hager,999
2093899,2148,Boss Beauties,9999
2103898,2147,TIME Pieces Build a Better Future: Genesis Drop,4676
2108574,2142,Crypto Coven,9768
2118342,1754,Trippin Ape Tribe,9997
2128339,1727,PXN: Ghost Division,10000
2138339,1796,Thicc Frens Genesis,5552
2143891,1793,Photosynthesis,4444
2148335,1789,AngelBlock,2405
2150740,1794,EYE-EYE-EYE,5000
2155740,1790,Dragon Molly,3333
2159073,1774,Poker Heroes,847
2159920,1787,11 Captain's Club,1111
2161031,1769,Tales From The Wild - First Egg,2223
2163254,1782,Third Eye Club,1895
2165149,1781,Fallout Freaks,5727
2170876,1780,Creature Culture Collection',10000
2180876,1779,Jikan Studios,8888
2189764,1778,rektguy,8814
2198578,1777,Elftown.wtf,9977
2208555,1776,Adorable Avocados,6412
2214967,1775,Pokey Universe,6972
2221939,1772,World of Irukandji,2331
2224270,1765,Boki,7777
2232047,1742,SHIBABETS GENESIS,3478
2235525,1773,Divine Anarchy - Spirit Animals,2510
2236064,1773,DivineAnarchy - Spirit Animals,2510
2238035,1771,Rat Gang Genesis,3333
2241368,1770,NO HESI Car Club,300
2241668,1768,Alfie World by Alfie,8888
2250556,1763,The Uncanny Country Club,5000
2255556,1767,Neo Samurai Monkeys,3600
2259156,1766,GENE_SIS: The Girls of Armament,10000
2269156,1764,AIMoonbirds,9936
2279092,1758,Tiger Land Zodiacs,599
2279691,1759,Popeye Metaverse Madness,2000
2281691,1762,PSILO,2222
2283913,1705,Hedgies,2677
2286590,1761,T-Rex Sapiens Order,5959
2289708,1761,T-RexSapiens Order,5959
2292549,1760,HODLER CHADS,10000
2302549,1756,MAD CROW,3334
2305883,1755,Curiosities,5000
2310883,1753,Milady Maker,10000
2320883,1752,Whoopsies Doopsies,6125
2327008,1751,Japanese Born Ape Society,4457
2331465,1750,Monkeypox,4000
2335465,1749,Elysium Metagods,1900
2337365,1748,Rich Fox Club OG,444
2337809,1747,Hell of a Party,3690
2341499,1746,goblintown.wtf,9999
2351498,1743,VARBARIAN,1040
2352538,1745,Karma Cats NFT,5555
2358093,1578,Zoofrenz Apefrenz 2.0,4535
2362628,1744,PLUR,8585
2371213,1736,Buakaw1,2000
2373213,1741,Mindblowon Universe,6969
2380182,1740,Chimpers,5555
2385737,1738,Poetry in Women,2222
2387959,1735,Mad Meerkat Degen,10000
2397959,1728,NFT Worlds Genesis Avatars,11885
2409844,1737,Wasted Whales: The Hangover,469
2410313,1734,Alpha Traders Country Club,720
2411033,1733,Meta Maid Genesis,777
2411810,1731,Los Muertos World,10000
2421810,1729,AGE of SAM,4427
2426237,1730,Blitzed Bucks Hunting Club,865
2427102,1644,Regulars,10000
2437102,1725,BBRC - IVY BOYS,7777
2442513,1725,BBRC -IVY BOYS,7777
2444879,1699,JustCubesNFT,4444
2449323,1724,Blvck Genesis,9998
2459321,1723,Iconic Miss Crypto Clinic,9972
2469293,1721,Pepeverse,1337
2470630,1719,The Humanians,5797
2476427,1718,CPG Pop,2777
2479204,1717,The Randoms,8888
2488092,1801,Shinsekaicorp,10000
2498092,1716,Secret Sesh,1154
2499246,1714,Time Out By Acide,777
2500023,1713,Meta Ape Militia,9984
2510007,1709,High Sloth Society,2000
2512007,1712,Sugar Skullz,8000
2520007,1711,Lost Eden Origins,979
2520986,1666,GrumpyPandaz,4200
2525186,1708,PharaGods,2003
2527189,1704,Brava,320
2527509,1706,Monkey Legends,6545
2534054,1675,EightBit,8888
2542942,1707,Royal Panther Empire,1704
2544646,1703,VOLTZ Avatars,3021
2547667,1701,FernDaddy,5000
2552667,1702,Imaginary Ones,8888
2561555,1698,Alimatok,4444
2565999,1696,Droid Invaders,7499
2573498,1695,Ape Invaders Genesis,5500
2578998,1697,YOOMOOTA Universe,3084
2582082,1593,Chain Runners,10000
2592082,1634,Akutars,15000
2607082,1694,Okay Bears,10000
2617082,1693,Lil Baby Ape Club,5000
2622082,1692,L.O Community,11110
2633192,1691,Kumaverse Genesis,1999
2635191,1683,Oddstronauts,10000
2645191,1682,BEANS PETS GEN 1,4200
2649391,1686,The Space Resistance,1001
2650392,1689,Tripsters,5555
2655947,1690,BEANZ,19950
2675897,1688,Cool Pigz,771
2676668,1687,Silks Genesis Avatar,7133
2683801,1685,VeeFriends Series 2,50798
2700080,1685,VeeFriends Series2,50798
2734599,1684,APIENS,4229
2738828,1678,Birdez Kingdom,5000
2743828,1681,the lil frens,2222
2746050,1679,Molly Secret Collection,888
2746938,1677,The Red Pill Lions,602
2747540,1676,Murakami.Flowers,9781
2757321,1674,CryptoSpacePunks,6461
2763782,1664,Umiverse,1000
2764782,1670,Monster Suit,5000
2769782,1673,Kitbash Boogers,1110
2770892,1672,Toy Boogers,3333
2774225,1671,Crecodiles,8888
2783113,1667,TRONS X,7239
2790352,1665,Ugly People,10000
2800352,1661,GAWDS,5882
2806234,1668,Easy Demons,6666
2812900,1669,OneOnes,6565
2819465,1660,The Squishiverse,8888
2828353,1662,Cats and Watches Society,9588
2837941,1655,ETHX AI,2222
2840163,1659,TinyFaces,4000
2844163,1657,CHIGUIRELAND,3993
2848156,1658,Otherdeed for Otherside,97589
2945745,1656,Tomodachi Friends,976
2946721,1638,9Tales GENESIS,515
2947236,1654,Gorilla Mafia,856
2948092,1641,Baby Doge Army,10000
2958092,1646,Tiny Colony Characters,5682
2963774,1647,X-Moose,1110
2964884,1643,E-Shell,7641
2972525,1637,The Humanoids,10000
2982525,1554,Meta Panther Club,1151
2983676,1640,Komorebi No Sekai,1847
2985523,1384,Smol Boyz,765
2986288,1636,You by BFF,10000
2996288,1635,Prime Mates Board Club,674
2996962,1546,The LFC Heroes Club,9744
3006706,1626,Wired Beast,2886
3009592,1631,Tough Lions,1111
3010703,1629,The Assembly: Mayans,1000
3011703,1632,Praise Pals,2222
3013925,1633,Toons,4447
3018372,1630,TrapMonkie,8888
3027260,1610,CyberRonin Haruka,5555
3032815,1628,Bored Bones Genesis,500
3033315,1097,MunchiesNFT,4997
3038312,1627,The Loomi Heads,5555
3043867,1624,Apes Together Strong,4444
3048311,1612,Kevin The Monkey,3222
3051533,1625,Whiskers,5555
3057088,1619,Manga Society,6001
3063089,1623,The Weirdos: Battle Royale,9271
3072360,1622,Wilder Beasts,3333
3075693,1621,Nyokies,2732
3078425,1618,88 Dynasty,2704
3081129,1620,Avius Animae,10000
3083855,1620,AviusAnimae,10000
3091129,1616,M.U.G.S,10000
3101129,1615,Chippys World,2500
3103629,1617,The Sevens Eve,10777
3114406,1614,Dennis Rodman's Barbershop,5000
3119406,1611,Trippy Frens,1000
3120406,1609,Zombie Apes,6667
3127073,1608,Filthy Rich Crypto Kids,1700
3128773,1597,Particlon,1071
3129844,1603,Space Boo,8888
3138732,1606,Singularity 0 Universe ANTHRO,3333
3142065,1607,Wobbles,2222
3144287,1600,Gunslingers,7777
3152064,1605,Planetary Property Association: Dealers,10000
3162064,1602,Bao Society,3888
3165952,1604,MetaPlaces,202
3166154,1601,Puli Runners,842
3166996,1599,Wackies,479
3167475,1595,Dojo Fish ,1000
3168475,1598,G.I. Toadz,6956
3175431,1596,No No's,8500
3183931,1594, Juicy Fruits,776
3184707,1590,Diamond Heist,5100
3189807,1582,Bushido Society,2222
3192029,1539,MetaPiggyBanks,446
3192475,1591,Ibis Chess Club,3141
3195616,1589,BZUKI,3333
3198949,1588,Toxic Skulls Club,9999
3208948,1587,Moonbirds,10000
3218948,1586,Unemployables,5000
3223948,1585,ApeToTheMoon,1800
3225748,1584,Mutant Alien Ape,7723
3233471,1583,Zombie NFT,3000
3236471,1577,KPOP CTzen,8887
3245358,1581,Shinsei Galverse,8882
3254240,1580,Meta Hooligans,3028
3257268,1399,ToonSquad,10000
3267268,1579,Unusual Guests,2141
3269409,1562,Permies,555
3269964,1575,The Lobstars,7777
3277741,1574,Mutant Shiba Club,10000
3287741,1573,Metakages,3000
3290741,1565,Katana Inu Takeru,999
3291740,1570,Private Jet Pyjama Party First Ladies,3333
3295073,1504,Ninja Fantasy Trader,2667
3297740,1569,BullsOnTheBlock Evo,6275
3304015,1572,MegaKongs,6000
3310015,1571,HAKI,5000
3315015,1152,More Than Gamers,10100
3325115,1542,Pieland,8092
3333207,1529,MineNations: Champions,3888
3337095,1507,The Jungle Tribe Genesis,699
3337794,1568,Snuggle Buddies Genesis,500
3338294,1560,AlphaSkullz Genesis Force,3334
3341628,1566,Forest Spirits,8888
3343159,1566,ForestSpirits,8888
3350516,1541,illogics,8888
3359404,1564,Club de Beaute,438
3359842,1563,CryptoBurbs II,5555
3365397,1561,Twisted Bears,2225
3367622,1555,KREEPY CLUB,9999
3371250,1555,KREEPYCLUB,9999
3377621,1559,Gummies Gang,6969
3384590,1558,Kureiji,5555
3390145,1522,Bad Cubs,3899
3394044,1557,Impostors Genesis Aliens,10420
3404464,1556,Oozoids,3888
3408352,1552,Droplets,6500
3414852,1551,Kraken Secret Society,5000
3419852,1549,Bionic Apes,5555
3425407,1548,MOLLY,4444
3429851,1547,OKOKU,3333
3433184,1518,ZombyWorld,999
3434183,1545,Money Minded Apes,1703
3435886,1544,ZenCats Ground-Zero,556
3436442,1543,Sprite Club,7777
3444219,1538,Torque Squad,8888
3453107,1535,Animalia Titans,2172
3455279,1537,Chum Chums,5700
3460979,1525,CHFTY Pizzas,2777
3463756,1532,FVCK_AVATAR//,10561
3474317,1536,Private Jet Pyjama Party,5267
3479584,1534,Jidori,3950
3483534,1524,Flunks,9999
3493533,1533,The Space Warriors Club,7777
3501310,1246,Dogs of Elon,9997
3511307,1531,Yellownauts,2026
3513333,1341,Loser Club,10000
3523333,1450,THE MOTTY,1114
3524447,1530,The Psychonaut Ape Division,7777
3532224,1528,Gold Yoseo Pawn Shop,256
3532480,1521,Roborovski,7777
3540257,1526,Quirkies,5000
3545257,1523,RenderPunks,997
3546254,1517,Ape Society,455
3546709,1354,Pirates of the Metaverse,10000
3556709,1519,Soulbond - Ren Empire,10000
3566709,1520,Loot (for Adventurers),7739
3574448,1510,Trees With Faces,1311
3575759,1490,ZombieClub Token,5266
3581025,1516,Mad Mouse Circus Troupe,4970
3585995,1513,Mad Mouse Circus Genesis,555
3586550,1515,Tennis Champs Genesis,3332
3589882,1514,AdRunner,809
3590691,1463,Look Labs 420 Buds,17589
3608280,1511,BueTheWarrior,113
3608393,1512,Dreadfulz,7777
3616170,1210,Square Bears,1161
3617331,1505,EPICBEAST,8591
3625922,1509,Abnormal Jean,8888
3634810,1508,Tribe Quokka Genesis,8000
3642810,1502,Gutter Clones,3593
3646403,1503,Neo Tokyo Punks,2222
3648625,1501,KaijuFrenz: Genesis,6666
3655291,1500,Gator Gang,7209
3662500,1494,Voxel Chimps Club,127
3662627,1462,World of Women Galaxy,20609
3683236,1496,STONED PIXEL HUMAN V2,410
3683646,1498,Kiwami,10000
3693646,1497,Drug Receipts,10000
3703646,1485,Troverse Planets,10000
3713646,1493,Zinu's Zombie Mob Secret Society,10000
3723646,1495,Stoned Puppies,99
3723745,1484,Gooeys,2185
3725930,1492,MetaMansions,4444
3730374,1491,Fishman's Laboratory,1648
3732022,1479,The Battle Bunnies - Genesis 300,300
3732322,1489,MetaKongz,10000
3742322,1486,Peacefall,8192
3750514,1471,CaliPlug,1300
3751814,1488,Laid Back Llamas,7000
3758814,1487,Cryptid Clan: Sasquatch,531
3759345,1481,Cronos Primate Business,6100
3765445,1474,JPunks: OG-Rex,7777
3773222,1483,Silly Sushi,1401
3774623,1482,WAGMI WORLD,800
3775423,1480,Dank Ducks,6972
3782395,1476,ETHTerrestrials,4269
3786664,1478,Gaming Ape Club,6550
3793214,1475,Chummy Fin Club,2500
3795714,1473,Meta Triads,2347
3798061,1472,Bad Alien Social Club,3666
3801727,1470,STREETHERS,799
3802526,1469,Murder Head Death Club,6666
3806019,1469,Murder Head DeathClub,6666
3809192,1465,EXPAT 8-BIT SUPPORT,3333
3812525,1468,Lucky Ducky,7777
3820302,1467,Mutant Pastel Club,1308
3821610,1466,CyberBoyz:3000,3000
3824610,1392,Tiny Colony Pets,11547
3836157,1464,Wandernauts,8888
3845045,1459,Capybaras Country Club,2736
3847781,1457,The Mekabots,6626
3854407,1455,Graffiti Bear Collective,1011
3855418,1458,Trippy Toadz,6969
3862387,1456,Jungle Freaks Motor Club,8888
3871275,1209,Drifters Innovator,1000
3872275,1454,Fresh Fools,5757
3878032,1396,The Finger,5000
3883032,1453,Phantoms,2693
3885725,1452,Small Bros,8888
3894613,1451,VOX Coodles,10000
3904613,1449,Average Creatures,7734
3912347,1414,KUSHO WORLD,5555
3917902,1404,Villagers of XOLO,12776
3930678,1448,Valiant Universe Punk Mambo,4001
3934679,1447,SKULLTOONS,7717
3942396,1413,Dape: Genesis,2444
3944840,1411,Rare Bears,2347
3947187,1410,Froggy Friends,4444
3951631,1409,KaijuKongz,3162
3954793,1377,CyberBrokers,9986
3964779,1408,Skelet Guys,5000
3969779,1407,SneakerPunkzV2,1305
3971084,1405,Space Riders,8888
3979972,1406,The Ramen Shop: Genesis,600
3980572,1340,Weather Report,10000
3990572,1403,Voyagers: Unknown Genesis,2056
3992628,1402,Martian Premier League,10000
4002628,1401,The MetaTribes : Genesis,2073
4004701,1400,Happy Homies,6499
4011200,1680,AIKO Shades,2980
4014180,1398,MURI by Haus,10000
4024180,1397,Alley Katz,5555
4029735,1395,SlimHoods,5000
4034735,1394,the littles,10000
4044735,1389,Party Horses,3197
4047932,1393,Legendary Lions,1000
4048932,1391,Brian NFT,5000
4053932,1390,Martians vs Rednecks ,6667
4060599,1388,Meta Penguin Island,3581
4064180,1387,The Walking Dead,5000
4069180,1386,Goopdoods by Goopdude,7999
4077179,1383,Lunar Tigers,213
4077392,1385,Unikong,999
4078391,1382,Meta Angels,10000
4088391,1381,MechaPenguins,6000
4094391,1380,Broskees,1691
4096082,1378,METABOT Society,332
4096414,1293,Idols,9999
4106413,1247,CryptoDucks Genesis,2520
4108933,1373,Bae Apes,5000
4113933,1376,Cosmic Babies,687
4114620,1375,Cosmic Fusions,1103
4115723,1374,Super Fat Academy,2699
4118422,1371,Cryptoshack Club,5858
4124280,1242,Bitbones Nemesis,5000
4129280,1372,Everyday Goddesses,2222
4131502,1351,Moondusa,4444
4135946,1369,Balloonz,888
4136834,1370,Cosmiqs,5555
4142389,1359,Meta Adventure,10000
4152389,1364,Clay Friends,5000
4157389,1368,Genesis Komos by Ethlas,8337
4165726,1347,CryptoYachts,733
4166459,1361,Heathens Genesis,1002
4167461,1360,Founder Bricks,8888
4176349,1358,PixelSaurus Tri,1006
4177355,1355,BBZ Origin,2042
4179397,1356,"I Like You, You're Weird",10000
4180901,1356,"I Like You, You'reWeird",10000
4189397,1357,Land of Karuti,999
4190396,1350,Wasted Whales: Blackout,2388
4192784,1353,Super Ordinary Villains,8888
4201672,1349,THE TOKS,10000
4211672,1330,MeetBOB,445
4212117,1286,MM Treehouse,10000
4222117,1352,Happy Astronauts,1662
4223779,1337,Ethereal Art,4929
4228708,1348,CryptoCossacks,156
4228864,1346,The Holy Pets,6666
4235530,1345,Moon Ape Lab Genesis,8000
4243530,1344,Metagreys V-2,136
4243666,1343,Ruggies,2222
4245888,1342,Knights of Chain,5868
4251756,1255,Gnomies,2680
4254436,1338,Cozy Bears,444
4254880,1339,Brainy Apes,1641
4256521,1332,Sakura Project,773
4257294,1333,wabi-sabi-collective,5678
4262972,1335,Zooverse Genesis,444
4263416,1292,Chain Scouts Genesis,6888
4270304,1334,RUDE KIDZ,7777
4278081,1336,SoulZ Monogatari,7776
4285857,1283,Crypto Country Club,2003
4287860,1328,Chicken Dao Game,1422
4289282,1231,Anime Gang: Genesis,717
4289999,1331,Prime Ape Athletes Genesis,777
4290776,1329,MonoLocco,1343
4292119,1327,Notorious Alien Space Agents,5555
4297674,1326,Lost Legends Vol. 1,250
4297924,1289,Dour Darcels,10000
4307924,1290,Wild Goat Gang,6967
4314891,1291,Feline Fiendz,7777
4322668,1288,Senior Ape Golf Club,2691
4325359,1287,Meta Moguls Genesis,835
4326194,1264,Emotes by Heart You,1433
4327627,1284,90s Babes,5000
4332627,1279,DEGEN TOONZ,8888
4341515,1282,Medicated Mice,2420
4343935,1278,Monster Frens,668
4344603,1281,HYPERSLOTHS,1703
4346306,1276,Rubber Duck Bath Party,10000
4356306,1280,Dippies,8888
4365194,1274,PhantaBear,10000
4375194,1250,MADworld X B.Duck,4000
4378118,1250,MADworld XB.Duck,4000
4379194,1263,Louz City : GENESIS,7777
4386971,1272,The CryptoBear Watch Club,3010
4389981,1273,Giving Bulls - Season 2,1063
4391044,1271,CartoonsNFT,7777
4398821,1266,SolTires,1263
4400084,1270,Honey Brasco's Space Pirates,4255
4404339,1269,Satoshi Runners,7777
4412116,1268,TORIX GENESIS,5558
4417674,1265,KevinPunks,555
4418229,1262,WonderPals,10000
4428229,1260,CryptoQueenz,825
4429054,1261,Never Fear Truth by Johnny Depp,3850
4430138,1261,Never Fear Truth byJohnny Depp,3850
4430596,1261,Never FearTruth by Johnny Depp,3850
4432904,1257,RoboFrens,777
4433681,1259,Delinquentz,3586
4437267,1258,Clementine's Nightmare,5000
4442267,1205,Cosmos Kidz,6060
4448327,1256,Superlative Mutated Apes,6761
4450444,1256,SuperlativeMutated Apes,6761
4455088,1254,Commsaur,3332
4458420,1253,AngelsDevilsNFT,10000
4468420,1252,Multiverse Alien,1000
4469420,1215,Rabid Doghouse Rabid Retrievers,10000
4479420,1186,Sad Bots Genesis,3090
4482510,1248,Crypto Tech Women,8794
4491304,1249,the sunnies,9141
4500445,1241,PLAYSK8,2970
4503415,1245,Cosmodinos Omega,8888
4512303,1244,Space Doodles,4609
4516912,1243,Turtle Town,10000
4526912,1238,Walking Doods Genesis,777
4527689,1240,dotdotdot,4870
4532559,1239,Sneaky Vampiress Syndicate,12345
4544904,1236,Etheretro Watch,1121
4546025,1019,Persona Lamps,4442
4550467,1232,Ballman project,6200
4556667,1143,The Assembly Vol. 2: The Vikings,1000
4557667,1235,Invisible Friends,5000
4562667,1234,Supreme Kong,2000
4564667,1230,Meta Skeletons,956
4565623,1121,Celestial Keys,4444
4570067,1225,Crypto Holdem,1002
4571069,1227,PATHFINDERS,3218
4574287,1229,Dented Feels,11111
4585398,1228,MetaEggs City,658
4586056,1226,derpyapemfers,7776
4593832,1223,Shadow Quest,9996
4603828,1224,Starcatchers,10000
4613828,1181,Bored Dealers,1225
4615053,1222,Squiggles,5000
4620053,1221,Tales Of Tsuki Genesis,10000
4630053,1220,Llamaverse Genesis,3998
4634051,1219,3Landers,9999
4644050,1218,Paladin Penguin Genesis,144
4644194,1217,ALPACADABRAZ 3D,19969
4664163,1216,Jon's Pizza Shop,6666
4670829,1214,Calcium4Bones,680
4671509,1212,The Boneys,333
4671842,1200,Super Apes Club: Genesis,2222
4674064,1213,CyberFrogz,5555
4679619,1194,Crypto Bears,7011
4686630,1198,Mooning Monkey,11890
4698520,1211,Genesis Penguins,10000
4708520,1208,Beach Bums,1657
4710177,1207,Exotic Apes,1841
4712018,1199,Acrocalypse,10419
4722437,1206,Beanbag Frens,7777
4725424,1206,BeanbagFrens,7777
4730214,1204,VentureVX,138
4730352,1201,CatBlox Genesis,9999
4740351,1203,VR Future Genesis,7777
4748128,1202,Genesis Bloodshed Bears,7000
4755128,1197,Punk X,3025
4758153,1193,PUL3E,1645
4759798,1195,Hero Galaxy: Heroes,5555
4765353,1196,Cereal Club,9951
4775304,1189,Alpha Elementary,3000
4778304,1191,Pop Art Cats,10000
4788304,1192,FancyBirds,7838
4796142,1190,Lazy Kitties,9999
4806141,1119,CULT&RAIN,1406
4807547,1188,Mecha Melters,6000
4813547,1187,Women Tribe,10000
4823547,1185,Fury of the Fur,9671
4833218,1183,CHILL RX,9945
4843163,1184,Shades Of You,7000
4850163,1182,Infinite Realm,7680
4857843,1164,Travel Tiger Club,1000
4858843,1180,Riot Girls,666
4859509,1176,Gnomenclature,7111
4866620,1174,Cheeky Chimps Club,3333
4869953,1114,MAUER Section 3,2063
4872016,1178,Meta Bounty Hunters,8888
4880904,1177,Presidential Apes,2222
4883126,1175,The Other Side,8887
4892013,1168,Meta House Mafia,2158
4894171,1169,Apes R Us,8444
4902615,1173,Cosmic Cats,8888
4911503,1172,FRENLY FLYZ,4012
4915515,1171,Boombaz,1153
4916668,1170,The Cybernites,3100
4919768,1166,Metaversity,2500
4922268,1167,mfers,10021
4932289,1165,Arab Meta Social Club,3200
4935489,1160,TCG Dragon Cave Club,9662
4945151,1161,EpoHeroes,3344
4948495,1125,FCF: Ballerz Collective - Gang,3000
4950044,1125,FCF: Ballerz Collective- Gang,3000
4951495,1151,Zipcy's SuperNormal,8888
4960383,1150,Women of Crypto,8888
4969271,1159,Gator Raid,4252
4973523,1157,Zombie Social Club,750
4974273,1156,Tasty Bones,5049
4979322,1158,Genesis Fat Academy,200
4979522,1155,Wise Cats,3936
4983458,1154,Drifter,10000
4993458,1153,JungleBay Ape Club,5555
4999013,1144,Meta Colonialists Club,495
4999508,1146,SGB Whales,1800
5001308,1149,Gooniez Gang,8888
5010196,1137,Ghidorah Godz,5999
5016195,1148,Unbanked Bankers,1827
5018022,1145,Super Bad Babies,3333
5021355,1147,Board Ape Collective,2001
5023356,1138,Howdy Games,3000
5026356,979,Non-Fungible People,8888
5035244,1122,Time Travel Tots,6968
5042212,1139,Space Game - Marines & Aliens,27965
5068519,1139,Space Game - Marines &Aliens,27965
5070177,1142,Mysterious Vegan,938
5071115,1141,CrypToad Punks,6969
5078084,1140,Lucky Lion Club,4000
5082084,1069,Dead Handz Tartarus,500
5082584,1115,Super Rare Bears,10000
5090349,1115,Super RareBears,10000
5092584,1118,Karafuru,5555
5098139,1136,Future Turtles - Genesis,2012
5100151,1131,BabyElonWorld,3963
5104114,1135,Alpha Kongs Club,8888
5113002,1133,Cybergoats,1000
5114002,1134,SynthHeads,3030
5117032,1128,CNK World,3151
5120183,1132,HAPE: EXODUS,8192
5128375,1130,Cash Crabs,887
5129262,1129,Signature Sneakers Generative,777
5130039,1116,Big Cats,5208
5135247,1124,FCF: Ballerz Collective - Apes,7250
5142497,1127,FCF: Ballerz Collective - 8oki,4500
5146997,1126,FCF: Ballerz Collective - Knights,4999
5151996,1123,Angry Penguins Grotto Gang,8589
5160585,1112,Crypto Tribe,700
5161285,1117,Wicked Penguins,8888
5170173,1098,Perilous Petz,2555
5172728,1111,Fade Away Bunny,197
5172925,1087,Evolution Apes,5339
5178264,1110,HYPEBEARS,10000
5188264,1106,The Meta Stars,4848
5193112,1109,Cozy Penguins,10000
5203112,1108,Space Pals Genesis,3099
5206211,1100,Reincarnated as an NFT,1091
5207302,1107,Space X Apes,2222
5209524,1104,BEANS - Dumb Ways to Die,10000
5219524,1102,Planetary Property Association,10000
5229524,1103,TronWars,8888
5238412,1095,Copanions,1494
5239906,1009,The LightbulbMan,1025
5240931,1099,Spy Pidgies Yob Squab ,8300
5249231,1092,Baby Shiba Social Club,8882
5258113,1088,WhaleTogether,7771
5265884,1096,Bad Bears Genesis,5555
5271439,1058,Ancient Warriors,2800
5272819,1058,AncientWarriors,2800
5274239,1094,Mithical,1000
5275239,1091,Node Bears,6913
5282152,1090,Trillionaire Thugs,7777
5289929,1071,Blotter Party,101
5290030,1089,Awesome Apes,4444
5294474,1086,Azuki,10000
5304474,1085,Battle Ape Game',1319
5305793,1072,Wicked Hounds,11111
5316904,1084,Royal Rabbits Club,4328
5321232,1083,Derpy Apes,3441
5324673,1082,Rue Arcana,5622
5330295,1081,The Wanderings,4444
5334739,1079,Timeless Ape Club,5073
5339812,1080,Meta Island,3434
5343246,1074,Cartoon Cartel,9999
5353245,1038,Bot Hunters,5600
5358845,1050,Cryptopia Metaverse - Early Access,618
5359463,1077,Little Frens,2975
5362438,1073,Metasphere,1447
5363885,1075,Lightbody by Alex Grey,275
5364160,1068,MyMoonboots MB1 Genesis,3000
5367160,1070,CryptoBurbs,3331
5370491,1065,MonsterChompers,131
5370622,1066,PillNFT,1873
5372495,1067,HAPE Prime,8192
5380687,1275,Creature World,10000
5390687,1062,TOKYO PUNKS by SABET,4841
5395528,1064,Alien Ape,10000
5402293,1064,AlienApe,10000
5405528,1060,The Beeings,10000
5415528,1063,Planet Pass by Wanderers,6825
5422353,1030,Myutarangers,991
5423344,1059,Eyes of Fashion,8888
5432232,1046,Galactic Fight League,4000
5436232,1056,Dear Deer,1000
5437232,1045,MaiarPunks,10000
5447232,1054,MetaWhips,1993
5449225,1033,Mekaformers Legacy,601
5449826,1055,Bonny Dolls,303
5450129,1048,C86 Cyborg,8600
5458729,1052,Crypto Poly Wealth Club,2056
5460785,1049,Meta Joseon,3500
5464285,1051,TheWhitelist.io,10000
5474285,1044,MadTrooper,3489
5477774,1042,Moshi Mochi,8000
5485774,1036,Voiceverse - Origins,8888
5494662,1043,Kitty Crypto Gang,7997
5502659,1041,CryptoTitVags,4186
5506845,1040,Robots Union,1012
5507857,1039,Stoner Ape Club,6666
5514523,1035,ZombieFrens,9172
5523695,1037,Mekas of Krupt - Genesis,888
5524583,1034,VECH,1255
5525838,1032,Teddy Bear Squad,6767
5532605,1029,Lady Apes Of Space,3000
5535605,1031,Bored Bad Bunny,10631
5546236,1023,Hunter Game,2301
5548537,1025,Froggos,2222
5550759,1026,Kitchen Creatures,111
5550870,1027,bitGOONs,466
5551336,1237,CryptoMories,10000
5561336,1024,Royal Rabbits,1000
5562336,1017,Metaclubbers,6000
5568336,1013,PixelTigers,1601
5569937,1022,Council of Kingz,7777
5577714,1021,TentacleKnockout,1000
5578714,1020,Doodories,7777
5586491,1016,Phat Pandaz,1373
5587864,1015,CryptoBots,9994
5597858,1014,Wealthy Ape Social Club,7777
5605635,1012,Chill Princesses,3056
5608691,1010,Lunaroid,6666
5615357,1011,90s Ape Club,2300
5617657,1006,Taco Gatos,9999
5627656,1005,Stellar Senses,999
5628655,983,Jordi Molla - Masks,6620
5635275,1004,alien frens,10000
5645275,1002,Candyverse Critters,1057
5646332,1003,Cosmic Mutants,1000
5647332,1000,C-01,8888
5656220,993,Alpha Shark,450
5656670,998,Little Lemon Friends,9999
5666669,997,EyeStar,3651
5670320,1001,Wall St Bulls Interns,2249
5672569,999,Dojo Warriors,1227
5673796,996,XenoInfinity,7360
5681156,995,HeadDao,10000
5691156,994,HeadGame,12640
5703796,991,Party Bears,9669
5713465,992,CryptoBatz by Ozzy Osbourne,9666
5723131,990,WVRPS by Warpsound,9999
5733130,989,White Rabbit - ONE,8765
5741895,986,Imps by SuperNfty,10000
5751895,987,Secret Society of Odd Fellows,888
5752783,988,Open Head NFT,3333
5756116,985,Bazooka Chicks,10000
5766116,984,Songbird Punks,20000
5786116,982,Oddies Club: Genesis,1486
5787602,981,Degenz Den,333
5787935,980,The Nudie Community,10000
5797935,842,Mecha Mini,3333
5801268,953,NEONPUNK,300
5801568,978,Kaiju Kingz,3333
5803226,978,KaijuKingz,3333
5804901,976,ETHERMINATORS,3291
5808192,975,CryptoSkulls,10000
5818192,974,Radioactive Apes,3233
5821425,967,Reactor Motors,8888
5830313,912,BADASS Ape Club,2658
5832971,973,Alpha Gorillas,5000
5837971,928,Wine Buddies,350
5838321,972,Undead Pastel Club,9999
5848320,968,Caked Apes,8888
5857208,971,Feel Gang,10000
5867208,970,Peaceful Toadz,6666
5873874,969,Bora Bora Koala,1500
5875374,964,Pit Boss Billionaires,500
5875874,966,Bulldroids,6000
5881874,917,Keep Watch Crew,1267
5883141,965,MetaRim,7744
5890885,963,MetaFrog Business Club,3444
5894329,943,Wicked Monsters,4328
5898657,962,Sussy Sharks,1000
5899657,955,Fat Ape Babies Club,2095
5901752,960,THE SECRET SOCIETY XX,6666
5908418,961,NeckVille,5555
5913973,958,Shredded Apes Gym Club,5000
5918973,946,Oni Squad,6666
5925639,854,The Sparkles Genesis,9999
5935638,954,Battle Zombies,140
5935778,949,Super Bad Genesis Seeds,666
5936444,952,BitBot Society,1895
5938339,951,The Last Supper,8888
5947227,950,Cranky Critters,6000
5953227,947,9Cat,917
5954144,948,FancyBears Metaverse,7888
5962032,944,The Sevens Companions,2572
5964604,945,Fart Jar,657
5965261,920,GNOGONS,10000
5975261,934,Board 2 Death Club,777
5976038,941,ok.lets.ape.,1325
5977363,942,Alien Universe,5555
5981718,942,AlienUniverse,5555
5982918,940,Piggies On The Farm,3734
5986652,915,The Trailers,1135
5987787,926,MAUER Section 2,2063
5989850,937,Punked Doods,5000
5994850,939,Expandables,3500
5998350,935,Wunks,6000
6004350,933,Bored Bunny,4999
6009349,932,The Moose Society,4999
6014348,929,Spritely Genesis,6000
6020348,931,Rowdy Roos,9999
6030347,930,Holy Villains,3333
6033680,927,GREMLINS,404
6034084,919,Astra Chipmunks Army ,2234
6036318,936,Genesis Nuggs,710
6037028,923,The Shark Mob,3000
6040028,924,Neon Pantheon Genesis,838
6040866,922,Degenerate Granny,3600
6044466,897,The Assembly,1000
6045466,918,Coodles,8888
6054354,910,DNA Cultura NFTs,5555
6059909,898,Executive Husky,3333
6063242,909,Rufflife Rescues,3710
6066952,916,Ben Mezrich Project,6000
6072952,900,O-Town - La Cosa Ostra,1001
6073953,914,Boxing Boyz,5005
6078958,906,CRO CROW,7777
6086735,904,Shibaku,1016
6087751,838,Boryoku Dragonz,1111
6088862,901,Crypto Croc Club,1444
6090306,896,ApeDads,4000
6094306,895,Space Runners,10000
6104306,892,Solsquatch,723
6105029,886,Mimon,1326
6106355,870,Ghoulies NFT,1500
6107855,894,Space Yetis,3333
6111188,893,Kindergarten BabyApes,10000
6121188,888,Sand Vegas Casino Club,11111
6132299,887,DI Animals,8888
6141187,891,Crypto Chimpz,2729
6143916,889,The SolaVerse: SOLA-STARS,2000
6145916,868,Charged Punks,4695
6150611,885,SuburbanColors,1021
6151632,2324,HasbullaNFT,10000
6161632,2328,BasedHeads,10000
6171632,2310,Zoofrenz by Zombot Studio,6666
6178298,2279,The Flower Girls,10000
6188298,2329,fluffers by fluffytopia,5000
6193298,2330,MistleToadz by GREMPLIN,4301
6197599,2325,Metakrew,7455
6205054,2273,YuGiYn,8887
6213941,2316,Createra Genesis Land,2500
6216441,2312,PORSCHΞ 911,2363
6218804,2308,HUXLEY Comics,18760
6237564,2304,Worldwide Webb Land,9069
6246633,2303,CryptoPunks V1 (wrapped),3746
6250379,2302,CryptoBirbs by Vodnik,2000
6252379,2298,White Hearts 1.0,2500
6254879,2297,STATE OF THE ART by ThankYouX,1600
6256479,2296,"""SHiELD:AGE"" by Cotoh Tsumi",3333
6259812,2295,Dooplicator,9375
6269187,2294,Wolf Game - Farmer,11738
6280925,2293,Cel Mates Crime Reports,3771
6284696,2292,Hashflow,5698
6290394,2291,God Hates NFTees,5022
6295416,2289,Sewer Pass,22754
6318170,2288,Scottie Pippen SP33,1000
6319170,2287,KPR,10000
6329170,2286,The Legend of CØCKPUNCH™,5555
6330215,2286,The Legend of CCKPUNCH™,5555
6334725,2285,Savage Nation,7777
6342502,2284,Unisocks,149
6342651,2283,Lil Pudgys,19576
6362227,2282,tubby cats,20000
6382227,2270,Pixels - Farm Land,4999
6387226,2269,Lives of Asuna,9999
6397225,2268,Timeless Characters,9421
6406646,2267,The Long Lost,10000
6416646,2266,The Surreals,10000
6426646,2265,Deafbeef,223
6426869,2259,Blitmap,1700
6428569,2258,Cupcats,5024
6433593,872,Deebies,3053
6436646,884,MetaFans Genesis Collection,1954
6438600,883,ANIMO,10000
6448600,882,Yung Ape Squad,6643
6455243,881,CYBERUNNERS',555
6455798,880,Wulfz,8632
6464430,879,Apocalyptic Apes,8888
6473318,876,HPPRS,7526
6480844,878,Island Apes - Paradise Club,1885
6482729,731,Humach,1862
6484591,875,Mekaformers: Genesis,1500
6486091,874,Time Variants Solana,1200
6487291,873,Bored Bigfoot Billionaires,3335
6490626,867,Loot: Explorers,8003
6498629,855,House of Legends,9993
6508622,869,Shiba Social Club,7777
6516399,871,CryptoDragons,6428
6522827,863,CryptoDragons Eggs,2775
6525602,851,OSRS Punks,2007
6527609,862,Demi Gods Universe,3131
6530740,866,Angry Pitbull Club,10000
6540740,865,Birdez Gang,1333
6542073,864,Christmas Gambling Apes,777
6542850,859,The Alien Cult,1180
6544030,861,White Rabbit - ZERO,765
6544795,860,Cyber Gorillas,3333
6548128,834,The Awakening,9999
6558127,858,BOTZ,9169
6567296,857,Fat Catz,969
6568265,797,CryptoPets,9998
6578263,856,Bored Punks of Society,7640
6585903,852,Meta Forest Society,3636
6589539,853,Viento en Contra,147
6589686,840,Noodles,5555
6595241,850,Spray Cans,601
6595842,808,Thingdoms,10000
6605842,849,Shroom Folk,6666
6612508,848,The Visitors,9001
6621509,847,Sketchy Ape Book Club,10000
6631509,841,Ben Baller BlockChains,3587
6635096,845,BitFrenchie,2005
6637101,844,WoofpackNFT,1521
6638622,839,Isekai By Prestige Lab,359
6638981,843,DinoBabies,5500
6644481,837,ExpansionPunks,9974
6654455,832,Sellouts by DistroKid,9999
6664454,764,Frames by MurAll,472
6664926,816,Solana Monkey Business,5000
6669926,835,Power Pups,1221
6671147,828,Superlative Apes,4444
6675591,829,Degenerate Regenerate,7400
6682991,833,CLONE X,19361
6702352,827,OTOmotors,1250
6703602,826,Immortal Monks,2500
6706102,825,Cryptock,2399
6708501,821,Meta Legends,12345
6720846,846,Polite Raptors Pack,3271
6724117,820,Deathbats Club,10000
6734117,819,Cyclops Monkey Club,6666
6740783,822,Crypto Car Society,779
6741562,814,PolyPixos,1739
6743301,818,Tokenpuss,5555
6748856,811,MojoHeads,1638
6750494,795,Vailiens,6180
6756674,812,Castle Kid,10000
6766674,810,The Winkybots,10896
6777570,802,Nifty Island: Legendary Pistols,3705
6781275,809,Wizard Treasure Collective,5000
6786275,785,Gray Boys,10000
6796275,807,Citizenz Genesis,5000
6801275,806,Apes In Space,9999
6811274,803,Doodle Kongz Dongiez,461
6811735,800,Chimp Club,1501
6813236,798,Solana Santa Business,431
6813667,796,Cryptonauts,5555
6819222,799,shoeuzis,2497
6821719,787,Mad Meerkat,10000
6831719,778,Ernest In Disguise,3160
6834879,794,Doodle Kongz,1000
6835879,793,Players Only,4456
6840335,801,Anti Rug Apes,89
6840424,789,Meka Ape Club,5640
6846064,791,Project3333,2173
6848237,788,The Pit,799
6849036,780,The Last Raptor,1923
6850959,783,Homie Gs,7700
6858659,784,Humans of the Metaverse,6500
6865159,779,We Are The Walrus,8285
6873444,782,RADSANTAS,5495
6878939,781,The Penguin Academy,3785
6882724,777,ZenApe,4999
6887723,776,Wasteland Cactus Crew,2364
6890087,775,GEN-ZERO,919
6891006,774,Mintonians,9998
6901004,771,Shark Outlaw Squad,7777
6908781,766,Dead Handz Genesis,100
6908881,769,Paradise Trippies,10000
6918881,760,CrazyMummiez,2804
6921685,767,Crypto Bull Society,7777
6929462,759,Satoshis Legions - The Legionnaires,5555
6935017,761,GalaXY Kats,10000
6945017,758,Average Punks,4200
6949217,762,The Shrimp Society,2529
6951746,754,Pork1984,6800
6958546,736,Cronos Chimp Club,10000
6968546,755,MetaVillains,10000
6978546,757,Loopy Cups,2369
6980915,725,Baboon Brigade,650
6981565,756,Lil Baby Punks,4850
6986415,753,Fluffy Polar Bears,9441
6995856,749,MetaTravelers Nibiru,7777
7003633,748,Swampverse,9599
7013232,710,Merry Modz,10000
7023232,746,Party Grandpa Retirement Club,6000
7029232,747,Digi Dragonz Reborn,1499
7030731,745,Crypto Coven,333
7031064,743,METABILLIONAIRE,7722
7038786,744,Holy Heroes,3333
7042119,742,Bricktopians,8499
7050618,739,Blockchain Miners Club,2221
7052839,737,GameOfBlocks,2322
7055161,741,Cyber Technician,5000
7060161,732,Unity Cards,7777
7067938,726,Endangered Animals,9999
7077937,738,Dormant Dragons,5000
7082937,735,Chicken King,360
7083297,734,BlockPunks,1377
7084674,733,Sherbet,7777
7092451,740,Frogverse,206
7092657,730,Daffy Panda Ganging Up,8888
7101545,728,MAUER,2053
7103598,724,Foodmasku Delectables,2000
7105598,703,Scholarz,2500
7108098,723,Non-Fungible Fungi,10000
7118098,706,Ninja Squad,8888
7126986,727,Puppet Plague,101
7127087,712,Meta Girlfriends,10000
7137087,714,Angel Baby Hit Squad,8998
7146085,696,Chibi Galaxy,3500
7149585,707,Bored Mummy Halloween Royal Rumble,12790
7162375,721,The Yolk Frat,400
7162775,722,GYMBROs,10000
7172775,720,Space Bugs,3332
7176107,719,Hot Bunnies,4893
7181000,718,Pudgy Ape Fridge Club,3333
7184333,716,Pleb Punks,2333
7186666,715,Hogeman Club,760
7187253,715,HogemanClub,760
7187426,713,Light Cult Crypto Club,2975
7190401,709,Project Draca,996
7191397,708,Rollbots,10000
7201397,704,Tough Turtles,162
7201559,705,Elite Doge Club,2068
7203627,702,Feudalz,4429
7208056,701,RugPullFrens,3185
7211241,699,BRAiN VOMiTS GARDEN,4444
7215685,698,Toddlerpillars,9996
7225681,697,SHABANGRS,1317
7226998,695,Enigma Economy,7844
7234842,694,Dual World Fusion,471
7235313,693,Mr. Everybody,530
7235843,692,TastyToastys,7590
7243433,690,ALPACADABRAZ,9669
7253102,689,Solana Kongz,289
7253391,691,Street Melts,1446
7254837,685,Party Degenerates,10000
7264837,688,Potato Power,4329
7269166,687,Male Mini Kishu Breeders,759
7269925,686,dGenesis Prime,281
7270206,684,Scoogis,6969
7277175,683,Funky Punks,4850
7282025,682,Arcadians,3708
7285733,681,Cosmic Wyverns,3500
7289233,680,Fat Ape Club,9999
7299232,679,HEAD5,3284
7302516,678,Guppy Gang,8001
7310517,624,ThorGuards,9999
7320516,642,Hor1zon Project,6999
7327515,641,Mutant Punks City,3609
7331124,638,Billionaire Coyote Cartel,2222
7333346,637,Zombie State,315
7333661,636,Chameleon Collective,10000
7343661,635,Habbo Portraits,2774
7346435,634,Game Disease,7029
7353464,630,Sipherian Flash,10000
7361077,630,SipherianFlash,10000
7363464,629,Acid Headz,2690
7366154,628,Rebel Rabbits,6472
7372626,627,Party Dog Social Club,3006
7375632,626,Lobster Beach Club,1225
7376857,625,Galactic Apes,9998
7386855,640,CrocosNFT,2000
7388855,645,Zombie Squirrels,1250
7390105,643,Superlative Secret Society,11110
7401215,639,Marnotaur,1979
7403194,792,BluWorld,1321
7404515,622,Mad Rabbits Horror Show,1373
7405888,621,Cosmic Labs,9000
7414888,619,BearXLabs,3695
7418583,617,GlobeHeads,182
7418765,608,Genesis Gradients,222
7418987,615,SolCelebs,5368
7424355,614,BitcoinBillionaires,13337
7437692,613,Mad Rabbits Riot Club,7500
7445192,612,Supernerds,401
7445593,611,WhattyClub,3954
7449547,610,Lonely Hearts Club,1750
7451297,609,FUD Society,1084
7452381,600,CryptoGangs,1500
7453881,607,Crumbys Bakery,996
7454877,606,Rare Ghost Club,5000
7459877,605,Boonji Project,11111
7470988,604,Zoo Gang,2441
7473429,603,KingFrogs,18000
7491429,602,Thug Pugs,1250
7492679,601,House of Satan,667
7493346,592,3NTITY-8PIRIT,1880
7495226,599,Spooky Voodoo Doll,4000
7499226,598,Robopets,8017
7507243,597,Chillin Chameleons,5005
7512248,596,Scary Panthers,888
7513136,595,Crazy Lemur Club,1006
7514142,594,The Modz,5555
7519697,593,Bad Baby Dinos,7777
7527474,584,Animal Society,7777
7535251,591,Wall Street Bulls,10000
7545251,590,TROLLz NFT,6969
7552220,589,Baby Punks,10000
7562220,588,Animal Warrriors,220
7562440,587,OG Crystals,10301
7572741,586,UCube,3234
7575975,585,Glitch Girls,1542
7577517,576,BrokeBoyz,5000
7582517,583,Women and Weapons,10000
7592517,582,The Floor,3000
7595517,581,Samot Club,3034
7598551,580,Tron Bulls,2793
7601344,579,KuddlyKoalas,1786
7603130,578,Squid Apes,696
7603826,577,Creepy Creams,1510
7605336,568,Bit Baddies,5000
7610336,575,Bohemian Bulldogs,10000
7620336,574,Spectral Skellies,3333
7623669,573,Baby Apes Rescue,2500
7626169,572,Etherheads,2612
7628781,633,Hashmasks,16384
7645165,632,Capsule House,10000
7655165,631,Cryptoadz,7025
7662190,571,Bushidos,8888
7671078,570,Nom Noms,531
7671609,569,NFTteams,9950
7681559,560,Squid Game Card,9575
7691134,567,Soldroids,578
7691712,566,Rekt Racoons,1453
7693165,565,CryptoMoms,8166
7701331,564,Titan Tiki Tribe,1000
7702331,563,Panda Paradise,2229
7704560,562,Pug Force,861
7705421,561,OniRonin,3381
7708802,552,Dreamers,11285
7720087,559,Genzee,9902
7729989,558,MetaHelmet,5672
7735661,557,Metabaes,8888
7744549,556,Bearseum,4905
7749454,555,SolSpecters,2502
7751956,554,SpaceApes,2000
7753956,553,Crypto Nijigen Girls,816
7754772,544,Wooshi World,11110
7765882,551,CryptoNFTits,1326
7767208,550,Jungle Freaks,10000
7777208,549,Magical Waves,599
7777807,548,Nonconformist Ducks,10000
7787807,547,Scare Squad,656
7788463,546,Mutant Cats,9999
7798462,545,DRRT,2020
7800482,536,The Golden Pups,3216
7803698,543,ZombieMonkeys,1481
7805179,542,Blockchain Badlands,2439
7807618,541,Tribes Of Ogun,3179
7810797,540,ElonVerse,700
7811497,539,The Evolving Forest,9335
7814014,539,The EvolvingForest,9335
7820832,538,Friday the 13th,6666
7827498,537,Caring Creatures,1380
7828878,528,Wild Wolves Bone Yard,10000
7838878,535,Lonely Frog Lambo Club,9999
7848877,534,Metavaders,1652
7850529,533,Salvador Borpi,1744
7852273,532,BentoBox,1563
7853836,531,Orc Racing Club,6969
7860805,530,Generative Alchemy Lab,3500
7864305,529,Schroot,16674
7880979,520,PunkinPatch,666
7881645,527,Chill Bear Society,1008
7882653,526,GodsOfRock,10000
7892653,525,MekaVerse,8888
7901541,524,Sovereign Sphynx Council,1738
7903279,523,thelilguys,702
7903981,522,Cyber Hornets Colony Club,8888
7912869,521,SassyChimps,2702
7915571,512,World of Freight,5393
7920964,519,ThePlops,2222
7923186,518,Leo Punks,1500
7924686,517,Bionic Outlier Tribe,10000
7934686,515,Cryptorastas,10173
7944859,514,Doobits,10024
7954883,516,Frakt,9945
7964828,513,One Donuts,1118
7965946,504,BlockchainBikers,11111
7977057,511,Soras Dreamworld,10000
7987057,510,KitPics,5252
7992309,509,Cyber Pharmacist,9995
8002304,508,WannaPanda,10000
8012304,507,Bones Club Heritage,999
8013303,506,PixelBeasts,9849
8023152,505,BikersNFTBike,11111
8034263,496,NFT Worlds,10000
8044263,503,Corrupt Catz,5684
8049947,502,Bad Ass Doggos,557
8050504,501,PerkyPanda,5000
8055504,500,Stellar Galactic Force,10000
8065504,499,CryptoAthletes,800
8066304,498,BoringStone Genesis Collection,10000
8076304,497,TigerLabs,3831
8080135,488,Habbo Avatars,11600
8091735,495,Froggies,4096
8095831,494,Grade Ape Troop,1112
8096943,493,Little Ninjas Dojo,3333
8100276,492,CryptoPoops,1290
8101566,491,SolCities,9999
8111565,490,Pudgy Pixel Gang,8764
8120329,489,SolChicks,5500
8125829,480,Playful Pandas,1099
8126928,487,Mirror,5826
8132754,486,Bizarros,778
8133532,485,PAW HYPER LYNX,2335
8135867,484,Crazy Panthers,3333
8139200,483,Sollemurs,10000
8149200,482,Solagon,7777
8156977,481,Meeples Gang,501
8157478,472,Pixel Foxes,10000
8167478,479,Foxxies,4500
8171978,478,CeloPunks,10000
8181978,477,Crypto Pimps,509
8182487,476,Monsterbuds,11295
8193782,475,SpaceBums,10000
8203782,474,SpaceBoysNFT,8888
8212670,473,KBOT_FACTORY,4000
8216670,770,Doodles,10000
8226670,464,Northern Guilds - Guild of Thor,9999
8236669,471,Time Variants,6192
8240235,471,TimeVariants,6192
8242861,470,cMyKatz,4553
8247414,469,Ethercats,1430
8248844,468,Fly Frogs,9999
8258843,467,Cryptogreeks,332
8259175,466,Decentrazines,901
8260076,465,Shrunkenheadz,10003
8270079,456,Outlaw Gals MC,6000
8276079,463,SamuraiDoge,4931
8281010,462,Outkast,9984
8290994,461,Jay Pegs Auto Mart,5853
8296847,460,Spirit Orb Pets v0,777
8297624,459,MonsterMash,2718
8300342,458,Bubblegum Kids,10000
8310342,457,Lady KILLAz,9971
8320313,815,I'M AIKO,10000
8330313,786,BlockBots,2969
8333282,448,Moonducks,768
8334050,455,Gutter Dogs,2722
8336772,454,Gutter Pigeons,2645
8339417,453,Soldiers Of The Metaverse,7499
8346916,452,Pogpunks,2366
8349282,451,Eitbitapes,8002
8357284,450,The Cryminals,1158
8358442,449,Skully Boys Bones Club,5555
8363997,440,The Heart Project,9714
8373711,447,The Gods,1978
8375689,446,Ethaliens,7500
8383189,445,Universal Soldiers,1234
8384423,444,RichKids,7389
8391812,443,Tropical Turtles,1500
8393312,442,Avarik Saga,8888
8402200,441,PaperHeadz,100
8402300,432,Roaring Leaders,8611
8410911,439,Hollow,728
8411639,438,Bullish Llama,2650
8414289,437,Famous Fox Federation,7780
8422069,436,Paladin Pandas,10000
8432069,435,Bastard Penguins,9999
8442068,434,One Shogun,3335
8445403,433,Purr Evil,1026
8446429,424,Superfuzz The Good Guys,7742
8454171,431,Ether Cards Founder,10000
8464171,430,Dogs Unchained,6947
8471118,429,ELVEN,6000
8477118,428,Sumatra Fitness Squad,2113
8479231,427,32px Pandas,3300
8482531,426,The Street Dawgs,3017
8485548,425,Lofi Kitties,9999
8495547,416,Eternal Beings,11111
8506658,423,Yolo Dice,3636
8510294,422,NiftyDegen,9998
8520292,421,Spacewalkers,996
8521288,420,Good Guys,5339
8526627,419,Metropolitan,3000
8529627,418,Royal Ceramic Club,5000
8534627,417,Woodies,9739
8544366,408,Visitors of Imma Degen,9999
8554365,415,Wall Street Chads,3334
8557699,414,Pppandas,3999
8561698,413,Baddies,1044
8562742,412,CrazySkullz,10000
8572742,411,United Metaverse Nation,3154
8575896,410,BallerHeadz,2014
8577910,409,Notorious Frogs,10000
8587910,400,EtherGals,5555
8593465,407,War Apes,379
8593844,406,FoxyFam,3333
8597177,405,The Wolf Pack,1564
8598741,404,Bear Market,7433
8606174,403,Atomic Antz,11000
8617174,402,Menacing Punk Society,1111
8618285,401,The Ninja Hideout,8888
8627173,392,Crypto Chicks,10000
8637173,399,CartelPunks,10000
8647173,398,WynLambo,9999
8657172,397,THE PLUTO ALLIANCE,9999
8667171,396,Doomed Souls Army,2499
8669670,395,Roocrew,541
8670211,394,SharkzWorld,379
8670590,393,Happy Sharks,2139
8672729,384,SANJAY,999
8673728,391,Broadcasters,7777
8681505,390,Skids,1076
8682581,389,Angry Boars,10000
8692581,388,Degen Gang,7000
8699581,387,Primate Social Society,10000
8709581,386,Pet Puppies,109
8709690,385,SKIES,1239
8710929,376,Koala Intelligence Agency,10000
8720929,383,The Bunny Gang,94
8721023,382,Drunken Pandas,3000
8724023,381,Citadel of the Machines,9963
8733986,380,0xVampire,9841
8743827,379,Platinum Polar Club,1000
8744827,378,Fine-Ass CryptoApes,1800
8746627,377,MarsCatsVoyage,10000
8756627,368,Mini Monkey Mafia,5000
8761627,375,ArtlessLabs Geometria,6000
8767627,374,Crypteriors Locals,4305
8771932,373,Bad Kids Alley,6320
8778252,372,The Moon Boyz,11110
8789362,371,Degen Lizzy,5046
8794408,370,MultiNFT Membership,400
8794808,369,Sleazy Sloth Syndicate,1792
8796600,367,The Adventurers Avatar,455
8797055,366,Bones Club,3481
8800536,365,Yabbie Dabbies,358
8800894,364,Professor Elon Rocket Factory,1567
8802461,363,BlankFace,10000
8812461,362,Red Panda,9959
8822420,361,Monster Mobs,7777
8830197,360,Fancy Frenchies,10000
8840197,352,CastlesArbiGenOne,2518
8842715,359,Omnimorphs,8911
8851626,358,Lockdown Lemmings,9980
8861606,357,Borpacasso,2250
8863856,356,couch meme,4444
8868300,355,Space Dinos,9242
8877542,354,HolyCows,5000
8882542,353,Weedbits,1258
8883800,344,The SneakerHeadz Society,4444
8884098,344,The SneakerHeadzSociety,4444
8888244,351,Peaceful Groupies,10000
8898244,350,Shitty Animals,110
8898354,349,AI Pixel Buddies,1000
8899354,348,Giga Garden LSD,689
8900043,347,Ragdollz,1342
8901385,346,Frogs in Disguise,10005
8911390,345,artBloots,3080
8914470,336,Pixel Primates,1306
8915776,343,The Cryptid Collective,875
8916651,342,Dorkis,4724
8921375,341,Sneaky Vampire Syndicate,8888
8924635,341,Sneaky VampireSyndicate,8888
8930263,340,Blox,10000
8940263,339,Lucky Buddha Lucky Club,5860
8941935,339,Lucky BuddhaLucky Club,5860
8946123,338,Party Polar Bears,3489
8949612,337,dGenesis dGen Automatons,4000
8953612,328,Chibi Apes,2999
8956611,335,Guardians of the Metaverse,10000
8966611,334,Pixel Doges,5555
8972166,332,Degen Dino Golf Club,379
8972545,331,Savage Droids,8888
8981433,330,OnChainMonkey,9500
8990933,329,Lobby Lobsters,10000
9000933,327,Skvllpvnkz Hideout,10000
9010933,326,Dynamic Duelers,978
9011911,325,Moongang,4179
9016090,324,Video Game Dev Squad,5554
9021644,323,Chunky Chickens,3333
9024977,322,Sipherian Surge,10000
9034977,321,CryptoDads,10000
9044977,312,CyberKongz,5000
9049977,319,Fuzzie Mints,634
9050611,317,Platy Punks,3562
9051913,317,PlatyPunks,3562
9054173,316,Ether Tulips,10006
9064179,315,pyMons,11111
9075290,314,Approving Corgis,7041
9082331,313,Tie Dye Ninjas,4956
9087287,304,isotile Genesis Avatar,6708
9093995,311,NFTokin,13000
9106995,310,NFYE,1766
9108761,309,Apes Run The World,5555
9114316,308,Rogue Society,15777
9130093,307,Sevens,7000
9137093,305,Immortalz,4517
9141610,296,Farmers Metaverse,5000
9146610,303,Loopy Donuts,10000
9156610,302,Bossy Bear Club,2179
9158789,301,uwucrew,9505
9168294,300,HippoHotel,1069
9169363,299,Sushiverse,10000
9179363,298,FusionApe,4201
9183564,297,BNBPunks,2010
9185574,288,Beatnik Tiki Tribe,4999
9190573,295,Axolittles,10000
9200573,294,Dirty Devils,1530
9202103,293,Sidus Heroes,5062
9207165,292,Colonists,25000
9232165,291,Planet Waifu,932
9233097,290,Gambling Apes,7777
9240874,280,Panda Dynasty,8888
9249762,287,Clever Girls,5555
9255317,286,Superfuzz The Bad Batch,776
9256093,285,Naughty Tigers,9817
9265910,284,Chibi Legends,5555
9271465,283,Boho Bones,1134
9272599,281,Bitscapes,995
9273594,272,Shroomz,10000
9283594,279,Bull Runners,1001
9284595,278,MadBunnies,4000
9288595,277,Penguin Fight Club,10000
9298595,276,HappyBunnies,7777
9306372,275,WTFoxes,4004
9310376,274,Hyena House,1724
9312100,273,League of Sacred Devils,10000
9322100,264,NFTBOY: Bored Ape Racers,2042
9324142,271,Non-Fungible Soup,2048
9326190,270,GoodBoi Society,400
9326590,269,Polar Pals,4154
9330744,268,Quaks,6000
9336744,267,Encryptas,10000
9346744,266,Cacti Club,7093
9353837,265,Snarky Sharkz,702
9354539,256,Soccer Doge Club,10000
9364539,263,Ethermore,15000
9379539,262,Neon Junkies,10000
9389539,261,Lil Boomies,677
9390216,260,Doge Pound Puppies,6974
9397190,259,Pixel Cat Gang,1556
9398746,258,Wubba Lubba,426
9399172,257,GEVOLs,8888
9408060,248,Dandy Ducks Club,850
9408910,255,AfroDroids,12117
9421027,253,CryptoRugs,5555
9426582,252,Carnage Origins,892
9427474,251,Evil Teddy Bear,1974
9429448,250,Cowboy Punks,93
9429541,249,PandaBugz,837
9430378,240,Sappy Seals,9999
9440377,247,PawZeesClu,1044
9441421,246,NFTheo,3000
9444421,245,Sad Girls Bar,10000
9448002,245,Sad GirlsBar,10000
9454421,244,International Punks,3987
9458408,243,Dark Super Bunnies,5000
9463408,242,Light Super Bunnies,4999
9468407,241,24px Ape,9900
9478307,232,Djenerates,10000
9488307,239,LittleGhosts,10000
9498307,238,Waifu Warriors,3011
9501318,237,Fang Gang,8884
9510202,236,Evaverse Turtle Troop,5000
9515202,235,Evaverse First Arrivals,10000
9525202,234,Trollz,1000
9526202,233,Noobs,9999
9536201,224,Baked Bear Beach Club,2737
9538938,231,Fatales,10000
9548938,230,Crypto Pills,9994
9558932,229,Simp Mermaids,2726
9561658,228,Maneki Gang,11358
9565268,228,ManekiGang,11358
9573016,227,Hype Hippos,10000
9583016,225,HashGuise,5995
9589011,216,Stranger Eggz,847
9589858,223,Fast Food Frens,5555
9595413,222,Drop Bears,10000
9605413,221,Crypto Squatches,2139
9607552,220,Dino Gangz,1403
9608955,219,Mutant Ape Yacht Club,19423
9628378,218,CryptoDemonz,6967
9635345,217,Dapper Space Collective,467
9635812,208,Baby Battle Bots,3500
9639312,215,Keplers Civil Society,7748
9647060,214,Rebel Kids,2504
9649564,213,Hewer Clan,9975
9659539,212,Catshit Crazy,5344
9664883,211,KILLAz,9971
9674854,210,Mandelbrot Set Collection,1978
9676832,209,Bullseum,5000
9681832,200,UnitedPunksUnion,3031
9684863,207,CyberBearz Army,2077
9686940,206,Shabu Town Shibas,9890
9696830,205,Big Brain Society,856
9697686,204,Bored Mummy Baby Waking Up,3888
9701574,203,Crypto Ghosts,8584
9710158,202,BitMates,10000
9720158,201,Based Fish Mafia,10000
9722827,201,BasedFish Mafia,10000
9730158,192,8 BIT UNIVERSE,8888
9739046,199,Lostboy,10000
9749046,198,WojakKingdom,4250
9753296,197,UltraSound Bat Club,982
9754278,196,The Lost Glitches,10000
9764278,195,CryptoSaints,2135
9766413,194,Fxckface,5541
9771954,193,High Flyers,6969
9778923,184,Badass Bulls,2222
9781145,191,Graycraft2,5199
9786344,190,Mighty Dinos,2043
9788387,189,Tools of Rock,8500
9796887,188,Mad Banana Union,6969
9803856,187,RocBabies,3300
9807156,186,Chill Frogs,6000
9813156,185,Raccoon Secret Society,10000
9822714,185,RaccoonSecret Society,10000
9823156,176,BoneHeads,10000
9833156,1008,ON1 Force,7777
9840933,183,Gauntlets,10000
9850933,181,Crazy Crows Chess Club,8181
9859114,180,Chibi Dinos,10000
9869114,179,Lamb Duhs,8500
9877614,178,Slothz,2645
9880259,177,Star Sailor Siblings,10100
9890359,168,Hobo Beard Club,2590
9892949,175,Rickstro Frens,9200
9902149,173,Krazy Koalas,9999
9912148,172,CryptoJaks,1068
9913216,171,The Nemesis Companions,8000
9921216,170,Overweight Giraffes,2210
9923426,169,Fast Food Punks,1000
9924426,160,Ksoids,1000
9925426,167,Goons of Balatroon,9696
9935122,166,HappyLand Gummy Bears,9600
9944722,165,Oinks Backyard BBQ,1246
9945968,164,Sympathy For The Devils,6666
9952634,163,Shiba Society,1995
9954629,162,Raccoon Mafia,3333
9957962,161,ASCIIPunks,2044
9960006,152,Galaxy Fight Club,9994
9970000,159,Ciphersquares,3623
9973623,158,Wicked Ape Bone Club,10000
9983623,157,Rivermen,9886
9993509,156,COVIDBots,3884
9997393,155,Crypto Tuners,5000
10002393,154,Cicadas,10000
10012393,153,Crypto Duckies,4996
10017389,144,Secret Society of Whales,10000
10027389,151,SharkCove,2913
10030302,150,SpacePunksClub,10000
10040302,149,Lost Souls Sanctuary,9999
10050301,148,CyberKongz VX,13132
10063433,147,PenguinPunks,10000
10073433,145,Stripper Ville,3000
10076433,136,Lumps World,500
10076933,143,Incognito,10000
10086933,142,The Unstable Horses Yard,10000
10096933,141,DeadFellaz,10000
10106933,140,The Wanderers,8888
10115821,139,Derpy Birbs,8192
10124013,138,Space Poggers,12442
10136455,137,Slumboginis,10000
10146455,128,Citizens of Bulliever Island,10000
10156455,135,Bored Mummy Waking Up,8888
10164091,135,Bored MummyWaking Up,8888
10165343,134,Cyber City Girls Club,5555
10170898,133,Deep Blue Sea Club,519
10171417,132,Deadbears,6631
10178048,130,Vegiemon,9996
10188044,129,Smart Zombie Lab,2550
10190594,120,Pineapples Day Out,5000
10195594,127,Bulls vs Bears,453
10196047,126,MuskyPunks,10000
10206047,125,Pixel Kitty Supercar Club,1609
10207656,124,Rebel Kids Familiars,666
10208322,123,The BirdHouse,6000
10214322,122,Moondogs Odyssey,5000
10219322,121,CashGrab,5608
10224930,112,JunkYardDogs,7978
10232908,119,Wolves of Ethereum,35
10232943,118,VOX,8888
10241831,117,Buzzed Bear Hideout,9999
10251830,116,Warriors of Aradena,8000
10259830,115,Lucha Libre Knockout,10000
10269830,114,Bball Pandas,2244
10272074,113,Satoshibles,5000
10277074,104,Fluf World,9999
10287073,111,Sad Frogs District,6950
10294023,110,24px,9900
10303923,108,FVCK_CRYSTAL//,4169
10308092,107,Glue Factory Show,10000
10318092,106,Bitbones,1000
10319092,105,HDPunks,10000
10329092,96,Tier Zero: Beasts,1212
10330304,103,BearsOnTheBlock,9496
10339800,102,Pixls,5471
10345271,101,Posh Pandas,982
10346253,100,Save the Martians,15000
10361253,99,Cute Pig Club,10000
10371253,98,AlphaBetty Doodles,9995
10381248,97,Crypto Cannabis Club,10000
10391248,88,Wannabes Music Club,2146
10393394,95,ShitPunks,10000
10403394,94,HodlGang,3000
10406394,93,Stray Cats,1301
10407695,92,Lazy Lions,10000
10417695,91,Royal Society of Players,10000
10427695,90,The WonderQuest,9999
10437694,89,Goblin Ghosts,2928
10440622,80,Rebel Bots,10000
10450622,87,Etheremura,1996
10452618,86,LONDON Gift,8888
10461506,85,COVIDPunks,10000
10471506,84,Poopies,9202
10480708,83,ApeShit Social Club,2500
10483208,82,Degen Farm Creatures,713
10483921,81,The WolfGang Pups,1731
10485652,72,Dead Dude Project,2305
10487957,79,Robotos,9999
10497956,78,Numi,816
10498772,77,The Wicked Stallions,9806
10508578,76,Animal World War,1728
10510306,75,Angels of Aether,5123
10515429,74,TheUndeadPunks,999
10516428,73,Great Ape Society,10000
10526428,64,The WolfGang,10000
10536428,71,Art Stars Club,3189
10539617,70,KittyButts,9989
10549606,69,Ruumz,2414
10552020,68,Animetas,10101
10562121,66,Dope Shibas,9901
10572022,65,Dizzy Dragons,5593
10577615,56,Stoner Cats,10420
10588035,63,Spookies,8888
10596923,62,Pudgy Penguins,8888
10605811,61,Party Penguins,9999
10615810,60,Chunky Cow Club Tour,5000
10620810,59,Epic Wizard Union,1050
10621860,58,The Vogu,7777
10629637,57,Crazy Lizard Army Base,10000
10639637,48,Sewer Rat Social Club,8888
10648525,55,WhelpsNFT,7776
10656301,54,World of Women,10000
10666301,52,RealCryptoPunks,4561
10670862,50,Singularity Hero,1367
10672229,49,The Rug Shop,1000
10673229,40,Canine Country Club,2035
10675264,47,Barn Owlz,3000
10678264,46,Cypher City,8888
10687152,45,Katana N Samurai,1544
10688696,44,Criminal Donkeys,9939
10698635,43,Hall of Fame Goat Lodge,10000
10708635,42,Cryptinies,1364
10709999,41,Cunning Foxes,8863
10718862,32,Bored Bananas,4023
10722885,39,Chicken Derby,33333
10756218,38,Kamagang,3163
10759381,37,Boring Bananas,8888
10768269,36,Lonely Alien Space Club,10000
10778269,35,Weird Whales,3350
10781619,34,Qubits On The Ice,9998
10791617,33,Galactic Secret Agency,10000
10801617,24,The Doge Pound,10000
10811617,31,MaestroPups,3000
10814617,30,SupDucks,10000
10824617,29,KungFu Hero,3577
10827884,29,KungFuHero,3577
10828194,28,Goblin Goons,8499
10836693,27,Bones & Bananas,10000
10846693,26,BYOPills,10000
10856693,25,Rabbit College Club,10000
10866693,16,Untamed Elephants,7500
10874193,23,The Divine Order Of the Zodiac,10000
10884084,23,The DivineOrder Of the Zodiac,10000
10884193,22,Fame Lady Squad,8888
10893081,21,The Alien Boy,10000
10903081,20,The Wicked Craniums,10762
10913843,1553,BullsOnTheBlock,10000
10923843,19,Bored Ape Kennel Club,10000
10933843,17,Bored Ape Yacht Club,10000
10943843,8,Top Dog Beach Club,8000
10951843,15,Monstro Cities,2301
10954144,14,Gutter Rats,3000
10957144,13,Goatz,10000
10967144,12,Monster Rehab,5365
10972509,11,DeadHeads,10000
10982509,10,HashDemons,6666
10989175,9,Devious Demon Dudes,2526
10991701,7,Degenz,11111
11002812,6,Gutter Cat Gang,3000
11005812,5,Lucky Maneki,14159
11019971,4,Misfit University,10000
11029971,3,Mad Cat Militia,7488
11037459,2,Cool Cats,9933
11047392,1,Forgotten Runes Wizards Cult,10000
11057392,768,CryptoPunks,10000
11067392,763,Veefriends,10255
11077647,623,Meebits,20000
